{"cameraMode":{"drawMode":0,"name":"Shaded","section":"Shading Mode"},"sceneLighting":false,"audioPlay":false,"sceneViewState":{"m_AlwaysRefresh":true,"showFog":true,"showSkybox":false,"showFlares":true,"showImageEffects":true,"showParticleSystems":true,"showVisualEffectGraphs":true,"m_FxEnabled":false},"in2DMode":false,"pivot":{"x":0.1100001335144043,"y":-7.535885810852051,"z":-10.0189790725708},"rotation":{"x":-0.0033096459228545429,"y":-0.0024032031651586296,"z":0.000007697085493418854,"w":-0.9999905824661255},"size":14.084741592407227,"orthographic":false}